Stortriss bortsänkes ;https://www.blocket.se/annons/stockholm/stortriss_bortsankes/98075915;-1
Boström 37 1980 ;https://www.blocket.se/annons/sodermanland/bostrom_37_1980/97279308;300000
Monark 580 ;https://www.blocket.se/annons/stockholm/monark_580/98072910;25000
Albin Ballad med nya motor ;https://www.blocket.se/annons/stockholm/albin_ballad_med_nya_motor/98072855;105000
Bavaria 32 Cruiser - 2011 ;https://www.blocket.se/annons/goteborg/bavaria_32_cruiser___2011/97633626;740000
X-79 ;https://www.blocket.se/annons/ostergotland/x_79/98069002;95000
Bruce Roberts 57 ;https://www.blocket.se/annons/goteborg/bruce_roberts_57/98071755;2100000
Winga29 ;https://www.blocket.se/annons/stockholm/winga29/97495622;60000
Winga 87 UNIKT TILLFÄLL specialbyggd av varvet för segling ;https://www.blocket.se/annons/sodermanland/winga_87_unikt_tillfall_specialbyggd_av_varvet_for_segling/97814813;350000
Formosa (Peterson) 46 ;https://www.blocket.se/annons/gotland/formosa__peterson__46/98067346;950000
Fin Beason 31 med bra motor ;https://www.blocket.se/annons/goteborg/fin_beason_31_med_bra_motor/97123138;165000
Comfortina 32 ;https://www.blocket.se/annons/goteborg/comfortina_32/98063457;325000
Siesta 32, nr 29 - Höstpris ;https://www.blocket.se/annons/goteborg/siesta_32__nr_29___hostpris/97551643;298000
Omega 30 A ;https://www.blocket.se/annons/goteborg/omega_30_a/98056727;230000
Friendship 35 med bytt motor ;https://www.blocket.se/annons/vastmanland/friendship_35_med_bytt_motor/97807823;370000
Hundraåringen SK30 ;https://www.blocket.se/annons/sodermanland/hundraaringen_sk30/98046239;9000
Segelbåt ;https://www.blocket.se/annons/halland/segelbat/98050323;15000
Segelbåt med kärra ;https://www.blocket.se/annons/halland/segelbat_med_karra/98049826;8500
Comfortina 38 i Grekland ;https://www.blocket.se/annons/vastmanland/comfortina_38_i_grekland/98048445;548972
Mani 66 med möjlighet till båtplats under sommaren ;https://www.blocket.se/annons/goteborg/mani_66_med_mojlighet_till_batplats_under_sommaren/96189106;22000
Swan 371 ;https://www.blocket.se/annons/kalmar/swan_371/95689337;640000
Maxi 120 Ketch ;https://www.blocket.se/annons/stockholm/maxi_120_ketch/97263308;640000
Oyster 53 i Karibien, EU-momsad, Svenskflaggad - 1999 ;https://www.blocket.se/annons/stockholm/oyster_53_i_karibien__eu_momsad__svenskflaggad___1999/97586413;2495000
Segelbåt i Medelhavet ;https://www.blocket.se/annons/goteborg/segelbat_i_medelhavet/98045079;875000
Albin Express anpassad för familjesegling ;https://www.blocket.se/annons/stockholm/albin_express_anpassad_for_familjesegling/97688190;79000
Selalbåt ;https://www.blocket.se/annons/stockholm/selalbat/98042919;7000
RA-kryssare ;https://www.blocket.se/annons/dalarna/ra_kryssare/98041718;4000
Albin Accent ;https://www.blocket.se/annons/goteborg/albin_accent/98041577;45000
Fantastisk ORUST dieseldriven träsegelbåt till salu ;https://www.blocket.se/annons/uppsala/fantastisk_orust_dieseldriven_trasegelbat_till_salu/94721277;50000
Välseglande motorseglare Konstruktör. JA R Benford ;https://www.blocket.se/annons/gavleborg/valseglande_motorseglare_konstruktor__ja_r_benford/95178810;550000
Marieholm MS 20 ;https://www.blocket.se/annons/blekinge/marieholm_ms_20/97235553;23000
Fin nordisk folkbåt ;https://www.blocket.se/annons/stockholm/fin_nordisk_folkbat/98030211;25000
Excel 319 - SWE 414 - Snabb, välbyggd - Besiktad 8/9 -21 ;https://www.blocket.se/annons/stockholm/excel_319___swe_414___snabb__valbyggd___besiktad_8_9__21/97251944;475000
IF med fina segel ;https://www.blocket.se/annons/goteborg/if_med_fina_segel/98029042;6000
Motorseglare, Bruce Roberts S341 ;https://www.blocket.se/annons/goteborg/motorseglare__bruce_roberts_s341/97075525;765000
Beneteau First 40 3-kabin ;https://www.blocket.se/annons/stockholm/beneteau_first_40_3_kabin/98028778;530000
Bavaria 38 Lagoon Kos Grekland ;https://www.blocket.se/annons/stockholm/bavaria_38_lagoon_kos_grekland/97677637;350000
Finnsailer/Finncruiser 35 Motorseglare ;https://www.blocket.se/annons/stockholm/finnsailer_finncruiser_35_motorseglare/96284274;250000
K6 Koster ;https://www.blocket.se/annons/goteborg/k6_koster/98022881;20000
Maxi 95 Lombardini 30 hk ;https://www.blocket.se/annons/stockholm/maxi_95_lombardini_30_hk/97128434;185000
Finn Flyer Passad 38 ( OE 38, Olle Enderlein ) ;https://www.blocket.se/annons/vasterbotten/finn_flyer_passad_38___oe_38__olle_enderlein__/98020962;1100000
Fabola Campus 600 ;https://www.blocket.se/annons/uppsala/fabola_campus_600/98020581;38000
Maxi 77 ;https://www.blocket.se/annons/stockholm/maxi_77/97245349;37000
Winga 87 / Princess från 1991 ;https://www.blocket.se/annons/skane/winga_87___princess_fran_1991/95383062;297000
Albin Vega -71 Nr. 1253 ;https://www.blocket.se/annons/blekinge/albin_vega__71_nr__1253/98018576;22000
Fingal segelbåt höstpris ;https://www.blocket.se/annons/halland/fingal_segelbat_hostpris/96735903;18000
Finnjolle ;https://www.blocket.se/annons/halland/finnjolle/98009871;9000
Sunwind 26 -82 HÖSTPRIS ;https://www.blocket.se/annons/goteborg/sunwind_26__82_hostpris/98008156;32000
FOUNTAINE PAJOT | Isla 40 | ;https://www.blocket.se/annons/stockholm/fountaine_pajot___isla_40__/92213501;4099000
FOUNTAINE PAJOT | Alegria 67 | ;https://www.blocket.se/annons/stockholm/fountaine_pajot___alegria_67__/84741718;26960000
FOUNTAINE PAJOT | Samana 59 | ;https://www.blocket.se/annons/stockholm/fountaine_pajot___samana_59__/87324460;18775000
Fountaine Pajot | NEW 51 | ;https://www.blocket.se/annons/stockholm/fountaine_pajot___new_51__/93465682;10185000
FOUNTAINE PAJOT | Tanna 47 ;https://www.blocket.se/annons/stockholm/fountaine_pajot___tanna_47/97644836;7760000
FOUNTAINE PAJOT | Elba 45 | ;https://www.blocket.se/annons/stockholm/fountaine_pajot___elba_45__/81708632;6690000
FOUNTAINE PAJOT | Astrea 42 | ;https://www.blocket.se/annons/stockholm/fountaine_pajot___astrea_42__/82564500;5225000
BENETEAU | Oceanis 34.1 | Testsegla 22-25 oktober ;https://www.blocket.se/annons/stockholm/beneteau___oceanis_34_1___testsegla_22_25_oktober/97719050;1595000
BENETEAU | Oceanis 40.1 | Testsegla 22-24 oktober ;https://www.blocket.se/annons/stockholm/beneteau___oceanis_40_1___testsegla_22_24_oktober/88780705;2700000
BENETEAU | Oceanis 51.1 | Testsegla 22-24 oktober ;https://www.blocket.se/annons/stockholm/beneteau___oceanis_51_1___testsegla_22_24_oktober/73818650;4590000
BENETEAU | Oceanis Yacht 54 | Testsegla 22-24 oktober ;https://www.blocket.se/annons/stockholm/beneteau___oceanis_yacht_54___testsegla_22_24_oktober/92350440;6405000
Westerley -GK24 ;https://www.blocket.se/annons/stockholm/westerley__gk24/97084004;7000
Hallberg-Rassy 34-1999 ;https://www.blocket.se/annons/goteborg/hallberg_rassy_34_1999/98004157;1095000
72 Ft Robert Clark s/y Whitbread 1973 ;https://www.blocket.se/annons/stockholm/72_ft_robert_clark_s_y_whitbread_1973/97228302;1500000
Marieholm S20 ;https://www.blocket.se/annons/goteborg/marieholm_s20/97999109;3000
Motorseglare Marina 75 ;https://www.blocket.se/annons/sodermanland/motorseglare_marina_75/96139782;95000
Swede 47 ;https://www.blocket.se/annons/skane/swede_47/95637194;995000
Albin Ballad ;https://www.blocket.se/annons/goteborg/albin_ballad/96983903;52000
Turbomotorseglare Parant 25, 1976 ;https://www.blocket.se/annons/stockholm/turbomotorseglare_parant_25__1976/96933507;75000
Beneteau | Sense 55 | 2012 ;https://www.blocket.se/annons/stockholm/beneteau___sense_55___2012/97620917;3895000
Beneteau | Oceanis 45 | 2015 ;https://www.blocket.se/annons/stockholm/beneteau___oceanis_45___2015/97345475;2695000
Dufour | 310 Grand Large | 2017 | ;https://www.blocket.se/annons/stockholm/dufour___310_grand_large___2017__/96634266;1150000
Tillfälle pga utlandsflytt slumpas kustkryssare Iversen ;https://www.blocket.se/annons/stockholm/tillfalle_pga_utlandsflytt_slumpas_kustkryssare_iversen/97994999;90000
Linjett 35 SWE10 1990 ;https://www.blocket.se/annons/stockholm/linjett_35_swe10_1990/97994778;750000
Finngulf 36. 2001 ;https://www.blocket.se/annons/stockholm/finngulf_36__2001/97647831;890000
Säljer segelbåts kära i rullande skick o segelbåt ;https://www.blocket.se/annons/ostergotland/saljer_segelbats_kara_i_rullande_skick_o_segelbat/97991719;2500
Vindö 40 i fint skick ;https://www.blocket.se/annons/vasternorrland/vindo_40_i_fint_skick/97327838;250000
Bruce Roberts 46 ;https://www.blocket.se/annons/goteborg/bruce_roberts_46/95884372;1495000
Nacra 20 FCS -16 ;https://www.blocket.se/annons/stockholm/nacra_20_fcs__16/93944327;279514
Swan 48 -01 ;https://www.blocket.se/annons/stockholm/swan_48__01/92992506;3486396
Finngulf 46 -03 ;https://www.blocket.se/annons/stockholm/finngulf_46__03/93031690;2216551
X-119 by X-yachts ;https://www.blocket.se/annons/stockholm/x_119_by_x_yachts/97125080;495000
Trio 80 ;https://www.blocket.se/annons/goteborg/trio_80/97988151;49000
Albin Vega - 74 ;https://www.blocket.se/annons/halland/albin_vega___74/97986733;15000
Segelbåt Daytripper 8 - Elmotor ;https://www.blocket.se/annons/stockholm/segelbat_daytripper_8___elmotor/97986568;265000
FARR40 cruiser/racer ;https://www.blocket.se/annons/goteborg/farr40_cruiser_racer/97540903;649000
Laser segeljolle ;https://www.blocket.se/annons/stockholm/laser_segeljolle/97421738;15000
Segelbåt, Marieholm S20 + utombordare ;https://www.blocket.se/annons/stockholm/segelbat__marieholm_s20___utombordare/97986290;15000
Børresen Drake SWE 275 ;https://www.blocket.se/annons/skaraborg/b_rresen_drake_swe_275/97745590;120000
Maxi 999 Höstfynda ;https://www.blocket.se/annons/goteborg/maxi_999_hostfynda/97758061;315000
Capricorn C1 F18 ;https://www.blocket.se/annons/stockholm/capricorn_c1_f18/97980212;35000
RS 800 dubbeltrapetsjolle ;https://www.blocket.se/annons/goteborg/rs_800_dubbeltrapetsjolle/97317556;125000
Mac Gregor 26 X ;https://www.blocket.se/annons/varmland/mac_gregor_26_x/97205863;195000
Ohlson Yachts Winga 29 ;https://www.blocket.se/annons/skaraborg/ohlson_yachts_winga_29/97533552;139000
Trasig segelbåt ;https://www.blocket.se/annons/alvsborg/trasig_segelbat/97150573;200
Albin Vega ;https://www.blocket.se/annons/skane/albin_vega/97977441;8000
Fin Scanmar 31a ;https://www.blocket.se/annons/goteborg/fin_scanmar_31a/96389544;240000
Corby 33 ;https://www.blocket.se/annons/stockholm/corby_33/97349049;595000
Allegro 27 ;https://www.blocket.se/annons/goteborg/allegro_27/97884494;50000
Hallberg-Rassy 44 / 2018 ;https://www.blocket.se/annons/goteborg/hallberg_rassy_44___2018/97973751;6585000
ARABESQUE 32 objekt ;https://www.blocket.se/annons/skane/arabesque_32_objekt/97973186;9000
Colin Archer segelbåt ;https://www.blocket.se/annons/stockholm/colin_archer_segelbat/96407776;300000
Hallberg Rassy 31 ;https://www.blocket.se/annons/stockholm/hallberg_rassy_31/97717505;895000
Beason 31 -78 ;https://www.blocket.se/annons/goteborg/beason_31__78/97969633;140000
Den perfekta nybörjarbåten-Maxi 77 ;https://www.blocket.se/annons/jonkoping/den_perfekta_nyborjarbaten_maxi_77/97326541;39000
Maxi 77 ;https://www.blocket.se/annons/stockholm/maxi_77/97417778;20000
Compis 28 ;https://www.blocket.se/annons/goteborg/compis_28/97968704;38000
Västbris 20 - Seglarcharm med Orust känsla ;https://www.blocket.se/annons/skane/vastbris_20___seglarcharm_med_orust_kansla/97655345;25000
Segelbåt renoveringsprojekt ;https://www.blocket.se/annons/stockholm/segelbat_renoveringsprojekt/97967745;30000
Starbåt ;https://www.blocket.se/annons/stockholm/starbat/97966907;25000
Sunwind 26 med nyrenoverad motor ;https://www.blocket.se/annons/goteborg/sunwind_26_med_nyrenoverad_motor/97964233;50000
Jeanneau | Sun Odyssey 44i | 2010 ;https://www.blocket.se/annons/stockholm/jeanneau___sun_odyssey_44i___2010/97963474;990000
Bavaria 42 Cruiser - 2006 ;https://www.blocket.se/annons/goteborg/bavaria_42_cruiser___2006/97961597;949000
Sweden Yacht 41 ;https://www.blocket.se/annons/flera%20platser/sweden_yacht_41/96482166;749000
Taswell 49 ;https://www.blocket.se/annons/skane/taswell_49/97961425;2750000
North Wind 68 ;https://www.blocket.se/annons/skane/north_wind_68/95016593;6995000
Albin Accent, välutrustad ;https://www.blocket.se/annons/stockholm/albin_accent__valutrustad/97959634;50000
Segelkanot C442 ;https://www.blocket.se/annons/stockholm/segelkanot_c442/97959479;9000
Bruce roberts 345 stål ;https://www.blocket.se/annons/goteborg/bruce_roberts_345_stal/97955992;129900
Hallberg-Rassy 48 - 2007 ;https://www.blocket.se/annons/stockholm/hallberg_rassy_48___2007/96906795;5700000
Albin Vega ;https://www.blocket.se/annons/gavleborg/albin_vega/97954492;10000
Soling ;https://www.blocket.se/annons/skane/soling/97953683;17000
Super daimio 28 fot ;https://www.blocket.se/annons/jonkoping/super_daimio_28_fot/97950276;35000
Allegro 33 ;https://www.blocket.se/annons/goteborg/allegro_33/97949384;330000
Hanse 415, 2013 ;https://www.blocket.se/annons/stockholm/hanse_415__2013/97948235;-1
Magnifik Midget ;https://www.blocket.se/annons/varmland/magnifik_midget/97947045;6000
Marieholm MS20 AC motorseglare ;https://www.blocket.se/annons/stockholm/marieholm_ms20_ac_motorseglare/96920732;8000
Nordic 81 ;https://www.blocket.se/annons/vastmanland/nordic_81/97945377;110000
PG Gyllenhammars drake AMANDA SWE255 ;https://www.blocket.se/annons/goteborg/pg_gyllenhammars_drake_amanda_swe255/97167774;400000
Hallberg-Rassy 40-2005 ;https://www.blocket.se/annons/goteborg/hallberg_rassy_40_2005/97942792;2995000
Stålbåt byggd för alla väder och ;https://www.blocket.se/annons/stockholm/stalbat_byggd_for_alla_vader_och/96922933;590000
Forgus 31 ;https://www.blocket.se/annons/alvsborg/forgus_31/97120500;200000
BENETEAU | Oceanis 46.1 | ;https://www.blocket.se/annons/stockholm/beneteau___oceanis_46_1__/86864510;3390000
BENETEAU | Oceanis 38.1 | ;https://www.blocket.se/annons/stockholm/beneteau___oceanis_38_1__/85959175;2015000
BENETEAU | Oceanis 30.1 | ;https://www.blocket.se/annons/stockholm/beneteau___oceanis_30_1__/82607423;1200000
Ericson 35 1976 mk2 ;https://www.blocket.se/annons/skane/ericson_35_1976_mk2/97937973;260000
Fin Nardus 92 -81 ;https://www.blocket.se/annons/goteborg/fin_nardus_92__81/97667606;75000
Långedragsjulle J10 ;https://www.blocket.se/annons/goteborg/langedragsjulle_j10/97937754;7000
Winga 78 motorseglare 110000kr eller bud ;https://www.blocket.se/annons/stockholm/winga_78_motorseglare_110000kr_eller_bud/97145269;110000
Maxi 95, Nr 535, -77, Yanmar 27hk och ny folding propeller ;https://www.blocket.se/annons/skane/maxi_95__nr_535___77__yanmar_27hk_och_ny_folding_propeller/97936051;240000
Cenit 37, skrov + däck ;https://www.blocket.se/annons/kalmar/cenit_37__skrov___dack/97931302;50000
Maxi 77 1974 säljes ;https://www.blocket.se/annons/stockholm/maxi_77_1974_saljes/97773628;15000
Aphrodite 29 med ny motor ;https://www.blocket.se/annons/stockholm/aphrodite_29_med_ny_motor/97929591;215000
Dehler 34 ;https://www.blocket.se/annons/goteborg/dehler_34/97710547;375000
Omega 30 S SWE-281, 1986. En höstmöjlighet ;https://www.blocket.se/annons/skane/omega_30_s_swe_281__1986__en_hostmojlighet/97928469;215000
Skonare ;https://www.blocket.se/annons/stockholm/skonare/96868652;75000
S30 ;https://www.blocket.se/annons/stockholm/s30/97925563;95000
Forgus 31 ;https://www.blocket.se/annons/gavleborg/forgus_31/96844996;100000
Hallberg Rassy 312 ;https://www.blocket.se/annons/stockholm/hallberg_rassy_312/97924497;499500
Jordenruntseglare ;https://www.blocket.se/annons/kalmar/jordenruntseglare/96136241;1100000
Vindö50 CC ;https://www.blocket.se/annons/vastmanland/vindo50_cc/97147671;390000
Beneteau Oceanis 311 Clipper ;https://www.blocket.se/annons/stockholm/beneteau_oceanis_311_clipper/96837853;645000
Albin Vega från 1972 ;https://www.blocket.se/annons/blekinge/albin_vega_fran_1972/97913481;5000
Katamaran Ockelbo ;https://www.blocket.se/annons/kronoberg/katamaran_ockelbo/97910534;2500
Askeladden 14 Segelkombi ;https://www.blocket.se/annons/goteborg/askeladden_14_segelkombi/97908422;10000
Tyresövagga ;https://www.blocket.se/annons/stockholm/tyresovagga/97907853;1500
Feeling 1040 höstpris ;https://www.blocket.se/annons/goteborg/feeling_1040_hostpris/97018211;360000
Finnclipper 35 ;https://www.blocket.se/annons/kalmar/finnclipper_35/97543488;225000
Bavaria 33 Cruiser -07 ;https://www.blocket.se/annons/goteborg/bavaria_33_cruiser__07/97496031;649000
X-35 ;https://www.blocket.se/annons/stockholm/x_35/97898981;875000
Elan 40 - 2005 ;https://www.blocket.se/annons/stockholm/elan_40___2005/97364617;980000
Shipman accent ;https://www.blocket.se/annons/stockholm/shipman_accent/96473652;37000
Maxi 68 ;https://www.blocket.se/annons/gavleborg/maxi_68/96320602;9000
Scalare 24 ;https://www.blocket.se/annons/stockholm/scalare_24/97462281;12000
Maxi 95 nr 672 Motor bytt 02 ;https://www.blocket.se/annons/goteborg/maxi_95_nr_672_motor_bytt_02/97886454;150000
Maxi 77 73a nr 144 ;https://www.blocket.se/annons/alvsborg/maxi_77_73a_nr_144/97885267;12000
Granada 27 ;https://www.blocket.se/annons/stockholm/granada_27/97882763;9900
Fareast 28r Singel handed 2017 inkl trailer ;https://www.blocket.se/annons/stockholm/fareast_28r_singel_handed_2017_inkl_trailer/97116251;368000
Segelbåt Wasa 41 TOPPSKICK ;https://www.blocket.se/annons/stockholm/segelbat_wasa_41_toppskick/97882163;1675000
Cb 33 ;https://www.blocket.se/annons/dalarna/cb_33/97879792;429000
Nauticat motorseglare -81 ;https://www.blocket.se/annons/stockholm/nauticat_motorseglare__81/97877772;550000
Bavaria Cruiser 33 -14 ;https://www.blocket.se/annons/stockholm/bavaria_cruiser_33__14/97872150;925000
3/4 Ton Raven ;https://www.blocket.se/annons/stockholm/3_4_ton_raven/96585064;44000
Asredua är till salu ;https://www.blocket.se/annons/skane/asredua_ar_till_salu/96182157;750000
Swan 70 ;https://www.blocket.se/annons/skane/swan_70/97869002;6000000
Långedragseka med segel och centerbord ;https://www.blocket.se/annons/kalmar/langedragseka_med_segel_och_centerbord/97868928;12000
Broadblue Rapier 400 Katamaran ;https://www.blocket.se/annons/stockholm/broadblue_rapier_400_katamaran/94132032;2700000
Segelbåt ;https://www.blocket.se/annons/kalmar/segelbat/97855892;6000
Bavaria 30 Cruiser. 2005 ;https://www.blocket.se/annons/sodermanland/bavaria_30_cruiser__2005/97852483;450000
IF segelbåt HÖSTPRIS ;https://www.blocket.se/annons/stockholm/if_segelbat_hostpris/97385074;10000
Rj 85 ;https://www.blocket.se/annons/goteborg/rj_85/97851649;15000
Hallberg-Rassy 340 - 2019 ;https://www.blocket.se/annons/skane/hallberg_rassy_340___2019/97847619;3350000
Beneteau Oceanis 31 - 2011 ;https://www.blocket.se/annons/skane/beneteau_oceanis_31___2011/97847364;795000
Regina af Vindö 43 ;https://www.blocket.se/annons/stockholm/regina_af_vindo_43/97844671;3590000
Contrast 33 ;https://www.blocket.se/annons/gavleborg/contrast_33/97844627;289000
Bavaria 38 Cruiser - 2004 ;https://www.blocket.se/annons/stockholm/bavaria_38_cruiser___2004/97844084;805000
Baltic Yachts 40 - 1989 ;https://www.blocket.se/annons/stockholm/baltic_yachts_40___1989/93986079;1565000
Dufour 39 CC ;https://www.blocket.se/annons/ostergotland/dufour_39_cc/97841566;750000
Albin Viggen 1980, VÄLSKÖTT NYA SEGEL & DYNOR 23 fot ;https://www.blocket.se/annons/halland/albin_viggen_1980__valskott_nya_segel___dynor_23_fot/93895801;25000
Ny segelbåt Hanse 508 med Höstrabatt Early Bird offer 75% ;https://www.blocket.se/annons/flera%20platser/ny_segelbat_hanse_508_med_hostrabatt_early_bird_offer_75_/81602412;4129000
Segelbåt Hanse 348 med Höstrabatt Early Bird Offer 75% ;https://www.blocket.se/annons/flera%20platser/segelbat_hanse_348_med_hostrabatt_early_bird_offer_75_/81333447;1464000
Ny segelbåt Hanse 458 med Höstrabatt Early Bird offer 75% ;https://www.blocket.se/annons/flera%20platser/ny_segelbat_hanse_458_med_hostrabatt_early_bird_offer_75_/81390940;3020000
Ny segelbåt Hanse 315 med Höstrabatt Early Bird Offer 75% ;https://www.blocket.se/annons/flera%20platser/ny_segelbat_hanse_315_med_hostrabatt_early_bird_offer_75_/81332104;1145000
Segelbåt Hanse 388 med Höstrabatt - Early Bird Offer 75% ;https://www.blocket.se/annons/flera%20platser/segelbat_hanse_388_med_hostrabatt___early_bird_offer_75_/81334484;1872000
Katamaran Lagoon 450 ;https://www.blocket.se/annons/stockholm/katamaran_lagoon_450/88436152;3750000
Skipper Arion 29 med centerbord/sänkköl ;https://www.blocket.se/annons/stockholm/skipper_arion_29_med_centerbord_sankkol/96160863;295000
Winga 78 med Vetus motor från 2014 ;https://www.blocket.se/annons/stockholm/winga_78_med_vetus_motor_fran_2014/97833950;150000
Albin Accent ;https://www.blocket.se/annons/goteborg/albin_accent/97830257;30000
BENETEAU| First Yacht 53 | Testsegla 22-25 oktober ;https://www.blocket.se/annons/stockholm/beneteau__first_yacht_53___testsegla_22_25_oktober/84739181;7355000
Bavaria 42 -2007 Andelsbåt i Grekland ;https://www.blocket.se/annons/skane/bavaria_42__2007_andelsbat_i_grekland/97826006;110000
Solaris 47 ;https://www.blocket.se/annons/stockholm/solaris_47/97824074;4300645
Italia Yachts 14.98 F ;https://www.blocket.se/annons/stockholm/italia_yachts_14_98_f/97823397;5614729
Lagoon 40 2019 - NYSKICK - PRIVATSEGLAD ;https://www.blocket.se/annons/goteborg/lagoon_40_2019___nyskick___privatseglad/97133573;3995000
Maxi95 ;https://www.blocket.se/annons/norrbotten/maxi95/97819509;299999
Segelbåt Sweline/Basic 37 ;https://www.blocket.se/annons/stockholm/segelbat_sweline_basic_37/97818424;680000
Cr 370-1996 ;https://www.blocket.se/annons/goteborg/cr_370_1996/97818266;925000
Hallberg-Rassy 45 - Stor uppdatering 2021 ;https://www.blocket.se/annons/stockholm/hallberg_rassy_45___stor_uppdatering_2021/97815559;2250000
Albin 78 Cirrus nr 81 inklusive båtvagn ;https://www.blocket.se/annons/stockholm/albin_78_cirrus_nr_81_inklusive_batvagn/97813957;59000
Dixie 27 ;https://www.blocket.se/annons/goteborg/dixie_27/97810891;40000
Maxi 77 med fathead stor ;https://www.blocket.se/annons/skaraborg/maxi_77_med_fathead_stor/97810457;25000
Segelbåts vagn/kärra ;https://www.blocket.se/annons/halland/segelbats_vagn_karra/97801720;5900
Marieholm AC20 ;https://www.blocket.se/annons/stockholm/marieholm_ac20/97798238;25000
Birdie24 ;https://www.blocket.se/annons/halland/birdie24/97797958;24000
Stjärnbåt 66 ;https://www.blocket.se/annons/stockholm/stjarnbat_66/97791156;-1
Dufour 40 Performance 3-kabin ;https://www.blocket.se/annons/kalmar/dufour_40_performance_3_kabin/97790600;1100000
Albin Vega nr2460 ska flytta ;https://www.blocket.se/annons/skane/albin_vega_nr2460_ska_flytta/97787159;45000
Bavaria 32 Holiday - 1999 ;https://www.blocket.se/annons/goteborg/bavaria_32_holiday___1999/97781664;465000
Maxi 77, samt även vinterplats vid intresse ;https://www.blocket.se/annons/stockholm/maxi_77__samt_aven_vinterplats_vid_intresse/97781344;25000
Comfort 32 ;https://www.blocket.se/annons/ostergotland/comfort_32/97779502;195000
X95 ;https://www.blocket.se/annons/goteborg/x95/97774919;235000
Monark varianty bortskänkes ;https://www.blocket.se/annons/stockholm/monark_varianty_bortskankes/97775033;-1
Bavaria 30 Cruiser. 2006 ;https://www.blocket.se/annons/halland/bavaria_30_cruiser__2006/97773642;460000
Stortriss MK1 + Yamaha 4hk 2-takt + Transporttrailer ;https://www.blocket.se/annons/halland/stortriss_mk1___yamaha_4hk_2_takt___transporttrailer/97168473;6000
Maxi 68 i bruksskick ;https://www.blocket.se/annons/halland/maxi_68_i_bruksskick/97771957;15000
Rival 22 ;https://www.blocket.se/annons/ostergotland/rival_22/97771585;89000
Johnson 26 - Volvo Penta MD2010 bytt år 2003 ;https://www.blocket.se/annons/stockholm/johnson_26___volvo_penta_md2010_bytt_ar_2003/97771359;69000
Nordisk kryssare 5 1/2 ;https://www.blocket.se/annons/stockholm/nordisk_kryssare_5_1_2/97768125;595000
Segelbåt Amigo 23 ;https://www.blocket.se/annons/goteborg/segelbat_amigo_23/97767243;15000
JEANNEAU 34 MELODY TUR/HAVSEILER ( i Kristiansand,NORGE) ;https://www.blocket.se/annons/goteborg/jeanneau_34_melody_tur_havseiler___i_kristiansand_norge_/97765961;260000
Jeanneau MELODY 34 (RUSH) segelbåt ;https://www.blocket.se/annons/goteborg/jeanneau_melody_34__rush__segelbat/97765081;260000
Mamba 311 ;https://www.blocket.se/annons/kalmar/mamba_311/95986971;179000
Comfort 32 ;https://www.blocket.se/annons/kalmar/comfort_32/95933821;195000
Bavaria 34 - 2001 ;https://www.blocket.se/annons/stockholm/bavaria_34___2001/97761950;435000
Monark 540 ;https://www.blocket.se/annons/stockholm/monark_540/97760344;6000
UTHYRES - Segelbåt Maxi 77 ;https://www.blocket.se/annons/stockholm/uthyres___segelbat_maxi_77/84752133;-1
Albin Delta inkl vinterplats och sjösättning ;https://www.blocket.se/annons/stockholm/albin_delta_inkl_vinterplats_och_sjosattning/97759005;239000
Becker 27 ;https://www.blocket.se/annons/stockholm/becker_27/97135894;37000
Catamaran woods sango med specialbyggd trailer SÄNKT PRIS ;https://www.blocket.se/annons/gotland/catamaran_woods_sango_med_specialbyggd_trailer_sankt_pris/96513922;50000
Midget havskryssare Hydra 20 ;https://www.blocket.se/annons/goteborg/midget_havskryssare_hydra_20/97754944;15000
Monark 540 med motor 8HK ;https://www.blocket.se/annons/goteborg/monark_540_med_motor_8hk/96767910;9500
Nautitech 46 Fly ;https://www.blocket.se/annons/stockholm/nautitech_46_fly/97753150;5731859
Nautitech 40 Open ;https://www.blocket.se/annons/stockholm/nautitech_40_open/97752987;3665082
Beneteau 46.1 ;https://www.blocket.se/annons/stockholm/beneteau_46_1/97752896;3021629
Lagoon 55 ;https://www.blocket.se/annons/stockholm/lagoon_55/97752782;12043035
Lagoon 42 ;https://www.blocket.se/annons/stockholm/lagoon_42/97752661;4212889
Perfekt för nybörjare Volvo penta ;https://www.blocket.se/annons/stockholm/perfekt_for_nyborjare_volvo_penta/97155580;12500
Maxi77 Segelbåt ;https://www.blocket.se/annons/stockholm/maxi77_segelbat/97752121;20000
Lagoon 40 ;https://www.blocket.se/annons/stockholm/lagoon_40/97751269;3042279
Fountaine Pajot Astrea 42 ;https://www.blocket.se/annons/stockholm/fountaine_pajot_astrea_42/97751100;4221399
Fountaine Pajot Elba 45 ;https://www.blocket.se/annons/stockholm/fountaine_pajot_elba_45/97750992;5303413
CB66 Racer SWE 46 - CB 66, cb66, CB66, ;https://www.blocket.se/annons/stockholm/cb66_racer_swe_46___cb_66__cb66__cb66_/97750814;65000
Compis 28 1973 modell jättefint skick (motorn starta inte) ;https://www.blocket.se/annons/goteborg/compis_28_1973_modell_jattefint_skick__motorn_starta_inte_/97749749;39000
Grand Soleil -06 Finland ;https://www.blocket.se/annons/stockholm/grand_soleil__06_finland/97748054;2093744
Ohlson 22 till höstpris ;https://www.blocket.se/annons/skane/ohlson_22_till_hostpris/97746735;12000
Swan 38 ;https://www.blocket.se/annons/gavleborg/swan_38/97743241;1200000
Monark 700 ;https://www.blocket.se/annons/skane/monark_700/97316639;7000
Nuovo Vagabond 47 fot motorseglare ;https://www.blocket.se/annons/stockholm/nuovo_vagabond_47_fot_motorseglare/95635036;860000
Motorseglare ;https://www.blocket.se/annons/uppsala/motorseglare/97743586;48000
Smaragd, långsmal skönhet och bra seglare ;https://www.blocket.se/annons/goteborg/smaragd__langsmal_skonhet_och_bra_seglare/97743560;165000
Winga 29 ;https://www.blocket.se/annons/stockholm/winga_29/94831664;45000
Vindö 32-1978 ;https://www.blocket.se/annons/stockholm/vindo_32_1978/94664491;60000
Ohlsson 22a 1978 ;https://www.blocket.se/annons/stockholm/ohlsson_22a_1978/97740517;19990
Äventyr i Karibien Segelbåt Beneteau 47,3 Oceanis ;https://www.blocket.se/annons/goteborg/aventyr_i_karibien_segelbat_beneteau_47_3_oceanis/97738888;300000
Maxi Magic nr 30 ;https://www.blocket.se/annons/skane/maxi_magic_nr_30/96894161;85000
Ohlson 22 Höspris ;https://www.blocket.se/annons/vastmanland/ohlson_22_hospris/97736565;16000
Segla jorden runt eller bo ombord året runt ;https://www.blocket.se/annons/skane/segla_jorden_runt_eller_bo_ombord_aret_runt/97734283;290000
X99 segelbåt swe128 x-99 ;https://www.blocket.se/annons/stockholm/x99_segelbat_swe128_x_99/97732637;275000
Arcona 400 ;https://www.blocket.se/annons/stockholm/arcona_400/97732020;1950000
Maxi 1100 / 2-kabin OBS Nylackerad till 2022 ;https://www.blocket.se/annons/goteborg/maxi_1100___2_kabin_obs_nylackerad_till_2022/97208064;1269000
Rock 20 segelbåt billigt pris ;https://www.blocket.se/annons/ostergotland/rock_20_segelbat_billigt_pris/97731593;500
Compis 36 ;https://www.blocket.se/annons/stockholm/compis_36/97019867;445000
Liten segelbåt Stortriss. Höstpris ;https://www.blocket.se/annons/norrbotten/liten_segelbat_stortriss__hostpris/97730349;-1
First 40 ;https://www.blocket.se/annons/stockholm/first_40/97730198;1550000
IF nr 78, modern rigg och ny motor ;https://www.blocket.se/annons/stockholm/if_nr_78__modern_rigg_och_ny_motor/97726202;18000
Havskryssare stål 45 fot ;https://www.blocket.se/annons/stockholm/havskryssare_stal_45_fot/97725626;900000
Albin Vega ;https://www.blocket.se/annons/stockholm/albin_vega/97724648;45000
J/100 -2005 ;https://www.blocket.se/annons/stockholm/j_100__2005/97724624;659000
Trevlig liten segelbåt: Mini 230 ;https://www.blocket.se/annons/orebro/trevlig_liten_segelbat__mini_230/97723967;13000
Bavaria 50 ;https://www.blocket.se/annons/stockholm/bavaria_50/97723867;200000
Ohlson 8:8 ;https://www.blocket.se/annons/goteborg/ohlson_8_8/97723429;88000
Najad 520 -1996 ;https://www.blocket.se/annons/blekinge/najad_520__1996/96645790;3350000
Oe 32 -1983 ;https://www.blocket.se/annons/skane/oe_32__1983/97720011;315000
BENETEAU | First 18SE | ;https://www.blocket.se/annons/stockholm/beneteau___first_18se__/97719603;308000
Mahognykoster, Olle Enderleine ;https://www.blocket.se/annons/vastmanland/mahognykoster__olle_enderleine/97719472;2000
"MAXI FENIX ""Fina"" Nr 396 ";https://www.blocket.se/annons/stockholm/maxi_fenix__fina__nr_396/96907779;81000
Fake annons ;https://www.blocket.se/annons/stockholm/fake_annons/97718508;18000
Wasa 800 Atlantic - unik ;https://www.blocket.se/annons/sodermanland/wasa_800_atlantic___unik/94910555;-1
Mamba 34 - VP D1-30 -07 ;https://www.blocket.se/annons/goteborg/mamba_34___vp_d1_30__07/96616089;295000
Oe 36 ;https://www.blocket.se/annons/skane/oe_36/97716290;473000
Hallberg-Rassy 352-79 ;https://www.blocket.se/annons/skane/hallberg_rassy_352_79/97714735;675000
Bandholm 20/24, brådskande försäljning ;https://www.blocket.se/annons/halland/bandholm_20_24__bradskande_forsaljning/97713942;12000
Solaris 39 ;https://www.blocket.se/annons/stockholm/solaris_39/97714035;600000
Storslända ;https://www.blocket.se/annons/stockholm/storslanda/97711389;-1
Ge bud 5,5 mR EVOLUTION ERBJUDANDE ØNSKES ;https://www.blocket.se/annons/goteborg/ge_bud_5_5_mr_evolution_erbjudande__nskes/97711620;42000
Marieholm 32 ;https://www.blocket.se/annons/goteborg/marieholm_32/97711425;50000
Linjett 33 SWE60 2000 ;https://www.blocket.se/annons/stockholm/linjett_33_swe60_2000/97711629;970000
Laurinkoster 32 i Grekland ;https://www.blocket.se/annons/varmland/laurinkoster_32_i_grekland/97710110;150000
Öresundskoster 6 ton ;https://www.blocket.se/annons/goteborg/oresundskoster_6_ton/97710474;-1
Albin Viggen Nr 723 med båtkärra ;https://www.blocket.se/annons/goteborg/albin_viggen_nr_723_med_batkarra/97709442;14999
Rb 111 ;https://www.blocket.se/annons/sodermanland/rb_111/97708756;480000
BENETEAU | First 40.7 | 1999 | ;https://www.blocket.se/annons/stockholm/beneteau___first_40_7___1999__/97205520;795000
Hallberg-Rassy 412 / 2015 ;https://www.blocket.se/annons/goteborg/hallberg_rassy_412___2015/97707797;4900000
Hanse 588 ;https://www.blocket.se/annons/skane/hanse_588/96354165;6695000
Foxhound 24 ;https://www.blocket.se/annons/stockholm/foxhound_24/95797181;15000
Segla H-båt på Dalarö ;https://www.blocket.se/annons/stockholm/segla_h_bat_pa_dalaro/97454080;2000
OE 36 Vackra båtar seglar väl ;https://www.blocket.se/annons/goteborg/oe_36_vackra_batar_seglar_val/97704181;200000
Hanse 371 -2005 ;https://www.blocket.se/annons/goteborg/hanse_371__2005/97704316;795000
Mamba 34, ny motor ;https://www.blocket.se/annons/goteborg/mamba_34__ny_motor/97405469;350000
"Johnson 26 ""Sveriges största 26 fotare"" ";https://www.blocket.se/annons/goteborg/johnson_26__sveriges_storsta_26_fotare_/97701866;50000
Bellona 23 ;https://www.blocket.se/annons/dalarna/bellona_23/97700706;16000
Westerly cirrus 22 ;https://www.blocket.se/annons/ostergotland/westerly_cirrus_22/97701517;19500
Bellona 23 ;https://www.blocket.se/annons/stockholm/bellona_23/97699469;11000
1/2ton comfortina 32 ;https://www.blocket.se/annons/goteborg/1_2ton_comfortina_32/97695551;25000
Albin-Viggen no: 1007 till salu ;https://www.blocket.se/annons/stockholm/albin_viggen_no__1007_till_salu/97403681;32000
Arcona 465 Carbon nr 10, - 2018 ;https://www.blocket.se/annons/stockholm/arcona_465_carbon_nr_10____2018/97690025;6400000
Maxi 77 ;https://www.blocket.se/annons/skane/maxi_77/97688738;35000
Scamnar 33 ;https://www.blocket.se/annons/stockholm/scamnar_33/97688585;330000
Nordisk Folkbåt ;https://www.blocket.se/annons/stockholm/nordisk_folkbat/97688226;2345
Nauticat 33 uppdaterad 2002 ;https://www.blocket.se/annons/stockholm/nauticat_33_uppdaterad_2002/95568529;399000
Becker One off 26 ;https://www.blocket.se/annons/dalarna/becker_one_off_26/97683622;29000
Beason 31, 20hk Lombardini ;https://www.blocket.se/annons/skane/beason_31__20hk_lombardini/96674362;69000
Winga 87 Fynd ;https://www.blocket.se/annons/halland/winga_87_fynd/97676173;275000
Albin Cumulus ;https://www.blocket.se/annons/varmland/albin_cumulus/96120823;120000
Svea GT slumpas till vrakpris innan kommande vinterförvaring ;https://www.blocket.se/annons/stockholm/svea_gt_slumpas_till_vrakpris_innan_kommande_vinterforvaring/97672339;59000
Vindö 65 Mixer ;https://www.blocket.se/annons/goteborg/vindo_65_mixer/96585786;890000
Forgus 36 ;https://www.blocket.se/annons/stockholm/forgus_36/97025777;845000
Liten havskryssare Hydra 20 ;https://www.blocket.se/annons/stockholm/liten_havskryssare_hydra_20/97339941;5000
J 10 nr 183 ;https://www.blocket.se/annons/alvsborg/j_10_nr_183/97670916;5000
Jeanneau 33.1 -96 ;https://www.blocket.se/annons/skane/jeanneau_33_1__96/97668567;490000
L32 ;https://www.blocket.se/annons/goteborg/l32/97667480;250000
"Fin Comfort 32"" ";https://www.blocket.se/annons/uppsala/fin_comfort_32_/97478131;185000
Farr 30 ;https://www.blocket.se/annons/vasterbotten/farr_30/97665233;405000
Winga 78 - 1982 ;https://www.blocket.se/annons/stockholm/winga_78___1982/97662643;150000
Smaragd ;https://www.blocket.se/annons/vastmanland/smaragd/97254951;45000
Malö 116 ;https://www.blocket.se/annons/jonkoping/malo_116/97658135;800000
Maxi Magic nr 206, inklusive båtkärra ;https://www.blocket.se/annons/alvsborg/maxi_magic_nr_206__inklusive_batkarra/97588982;69000
If segelbåt säljes med tyresö vagga ;https://www.blocket.se/annons/stockholm/if_segelbat_saljes_med_tyreso_vagga/97650955;20000
Maxi Fenix Classic -81 Ny motor ;https://www.blocket.se/annons/goteborg/maxi_fenix_classic__81_ny_motor/97292956;135000
RJ85 mycket fin och välutrustad ;https://www.blocket.se/annons/stockholm/rj85_mycket_fin_och_valutrustad/97656115;40000
Boström 37/40 -81 Yanmar Diesel -93 ;https://www.blocket.se/annons/goteborg/bostrom_37_40__81_yanmar_diesel__93/97654530;595000
S 30 skärgårdskryssare ;https://www.blocket.se/annons/stockholm/s_30_skargardskryssare/97651875;80000
Hanse 575 ;https://www.blocket.se/annons/skane/hanse_575/97652056;4995000
Arcona 460 nr 8 ;https://www.blocket.se/annons/stockholm/arcona_460_nr_8/96626593;2750000
Storbåten ;https://www.blocket.se/annons/stockholm/storbaten/97649350;100000
Diva 24SC ;https://www.blocket.se/annons/stockholm/diva_24sc/97427783;299000
Amigo 40 -76 ;https://www.blocket.se/annons/stockholm/amigo_40__76/94556498;150857
Kanalkryssare Compis 28 i Holland, på väg till Medelhavet ;https://www.blocket.se/annons/skane/kanalkryssare_compis_28_i_holland__pa_vag_till_medelhavet/97646318;59000
Albin Viggen segelbåt ;https://www.blocket.se/annons/goteborg/albin_viggen_segelbat/96640275;7500
Bavaria Caribic 390 1990 ;https://www.blocket.se/annons/kronoberg/bavaria_caribic_390_1990/97645223;450000
Sweden Yacht 340 ;https://www.blocket.se/annons/stockholm/sweden_yacht_340/96889277;575000
Conqubin 38 ;https://www.blocket.se/annons/stockholm/conqubin_38/97643760;260000
Maxi 999 nr 341 årsmodell 1987 ;https://www.blocket.se/annons/stockholm/maxi_999_nr_341_arsmodell_1987/96598517;375000
Motorseglare Johnsson 30 ;https://www.blocket.se/annons/stockholm/motorseglare_johnsson_30/97640046;225000
Diva 451 1999 ;https://www.blocket.se/annons/stockholm/diva_451_1999/97438928;895000
Compis 28 inkl båtplats och vinterförvaring i Norrtälje ;https://www.blocket.se/annons/uppsala/compis_28_inkl_batplats_och_vinterforvaring_i_norrtalje/97639318;40000
Ansö 42 ;https://www.blocket.se/annons/stockholm/anso_42/97637918;575000
Scanper 22 med utmärkt utombordare ;https://www.blocket.se/annons/goteborg/scanper_22_med_utmarkt_utombordare/97634298;14000
Albin Viggen ;https://www.blocket.se/annons/goteborg/albin_viggen/97524211;10000
Waszp ;https://www.blocket.se/annons/skaraborg/waszp/97632795;105000
"Kielzugvogel ""Fågel"" ";https://www.blocket.se/annons/stockholm/kielzugvogel__fagel_/97631591;19500
Maxi 84 HR ;https://www.blocket.se/annons/uppsala/maxi_84_hr/96598487;95000
Amigo 27 i fantastiskt skick ;https://www.blocket.se/annons/goteborg/amigo_27_i_fantastiskt_skick/97627959;43000
Malö Yacht 96/34 ;https://www.blocket.se/annons/skane/malo_yacht_96_34/97626976;625000
Marieholm seacat ;https://www.blocket.se/annons/skane/marieholm_seacat/97626375;10000
Comfort 26 ;https://www.blocket.se/annons/goteborg/comfort_26/97625916;18000
M32 / 2016 ;https://www.blocket.se/annons/goteborg/m32___2016/91800134;1495000
HÖSTREA* Maverick 4 in 1, varför välja ;https://www.blocket.se/annons/stockholm/hostrea__maverick_4_in_1__varfor_valja/95492587;35000
Solvigg 26 ;https://www.blocket.se/annons/sodermanland/solvigg_26/97617695;155000
Arcona 38 2-kabin 1997 årsmodell ;https://www.blocket.se/annons/vastmanland/arcona_38_2_kabin_1997_arsmodell/97126085;1025000
Unik koster (gaffelriggad) från sent 1800-tal ;https://www.blocket.se/annons/stockholm/unik_koster__gaffelriggad__fran_sent_1800_tal/96802553;20000
Sunwind 26- 1980 ;https://www.blocket.se/annons/goteborg/sunwind_26__1980/97613517;40000
Maxi Fenix ll Classic med båtgarage ;https://www.blocket.se/annons/gavleborg/maxi_fenix_ll_classic_med_batgarage/97613309;170000
Mamba 31 ;https://www.blocket.se/annons/skaraborg/mamba_31/97611788;110000
Winga 750 ;https://www.blocket.se/annons/stockholm/winga_750/97610716;110000
Albin 82 ;https://www.blocket.se/annons/skane/albin_82/97608722;95000
Beneteau | Oceanis 41.1 | 2017 | SÅLD ;https://www.blocket.se/annons/stockholm/beneteau___oceanis_41_1___2017___sald/97171452;2100000
Malö 116 ;https://www.blocket.se/annons/skane/malo_116/97605757;850000
Välhållen Maxi 77 ;https://www.blocket.se/annons/goteborg/valhallen_maxi_77/97605607;25000
Bellona 23 ;https://www.blocket.se/annons/uppsala/bellona_23/96603801;10000
Segelbåt POP 16 100kr ;https://www.blocket.se/annons/gavleborg/segelbat_pop_16_100kr/97604257;100
Sparkman & Stephens 40 -89 Finland ;https://www.blocket.se/annons/stockholm/sparkman___stephens_40__89_finland/97602213;1520594
Nauticat 44 -84 Finland ;https://www.blocket.se/annons/stockholm/nauticat_44__84_finland/97602080;1214434
Jeanneau 36i -09 Finland ;https://www.blocket.se/annons/stockholm/jeanneau_36i__09_finland/97601992;1015430
Baltic 42 C&C -76 Finland ;https://www.blocket.se/annons/stockholm/baltic_42_c_c__76_finland/97601912;806221
Hanse 545 / 2010 ;https://www.blocket.se/annons/goteborg/hanse_545___2010/95679805;3750000
Klassisk R7 ;https://www.blocket.se/annons/stockholm/klassisk_r7/97599026;75000
IF-båt 1974 nr 1619 ;https://www.blocket.se/annons/stockholm/if_bat_1974_nr_1619/97597697;33000
Ohlsson 22 ;https://www.blocket.se/annons/vasternorrland/ohlsson_22/97596982;15000
Malö 116 ;https://www.blocket.se/annons/goteborg/malo_116/97591709;990000
Compis 28 ;https://www.blocket.se/annons/halland/compis_28/97590628;50000
Laurin 38 ;https://www.blocket.se/annons/kalmar/laurin_38/97589492;550000
Sirena 38 ;https://www.blocket.se/annons/goteborg/sirena_38/97583405;295000
Albin Vega från 1975 säljes ;https://www.blocket.se/annons/goteborg/albin_vega_fran_1975_saljes/96447625;25000
Motor seglare. SABB 18hk. Disel. ;https://www.blocket.se/annons/jamtland/motor_seglare__sabb_18hk__disel_/97580465;60000
B 31:a ;https://www.blocket.se/annons/skane/b_31_a/96581112;60000
Ohlsson 8:8 #21 anno 1973 ;https://www.blocket.se/annons/varmland/ohlsson_8_8__21_anno_1973/97577786;100000
Trissjolle typ 3 ;https://www.blocket.se/annons/sodermanland/trissjolle_typ_3/96586057;8000
Folkbåt nr 102 ;https://www.blocket.se/annons/sodermanland/folkbat_nr_102/97571278;8000
If 1974 ;https://www.blocket.se/annons/stockholm/if_1974/97571358;25000
Fin Marieholm 26 ;https://www.blocket.se/annons/halland/fin_marieholm_26/97371600;57000
Nordisk Familjebåt 28 fot ;https://www.blocket.se/annons/goteborg/nordisk_familjebat_28_fot/97568664;55000
IF båt ;https://www.blocket.se/annons/goteborg/if_bat/97568257;15000
Malö 39 / 2002 ;https://www.blocket.se/annons/goteborg/malo_39___2002/97566447;2435000
Tillfälle ny Dufour 360 till våren 2022 - endast en båt kvar ;https://www.blocket.se/annons/stockholm/tillfalle_ny_dufour_360_till_varen_2022___endast_en_bat_kvar/97560859;2293000
Tillfälle ny Dufour 390 till våren 2022 - endast en båt kvar ;https://www.blocket.se/annons/stockholm/tillfalle_ny_dufour_390_till_varen_2022___endast_en_bat_kvar/97561410;2855000
L32 ;https://www.blocket.se/annons/goteborg/l32/97560767;295000
Sparkman & Stephens 40 ;https://www.blocket.se/annons/skane/sparkman___stephens_40/97558831;595000
Dufour 40 Performance ;https://www.blocket.se/annons/skane/dufour_40_performance/97557779;1075000
IF-Båt ;https://www.blocket.se/annons/gavleborg/if_bat/96553500;19000
Nord 80 ;https://www.blocket.se/annons/goteborg/nord_80/97210877;42000
Segelbåt Albin Viggen Säljes ;https://www.blocket.se/annons/stockholm/segelbat_albin_viggen_saljes/97549798;10000
Välutrustad Marieholm AC 20 ;https://www.blocket.se/annons/halland/valutrustad_marieholm_ac_20/97549781;25000
Fortissimo 33 ;https://www.blocket.se/annons/stockholm/fortissimo_33/97548740;200000
Comfort 34 -79 ;https://www.blocket.se/annons/goteborg/comfort_34__79/97546845;325000
Elan 344 Impression -2008 ;https://www.blocket.se/annons/ostergotland/elan_344_impression__2008/97544596;775000
Hyra H-båtar Dalarö ;https://www.blocket.se/annons/stockholm/hyra_h_batar_dalaro/95587403;1900
Vindö 50 ;https://www.blocket.se/annons/skane/vindo_50/97347666;425000
806 säljes ;https://www.blocket.se/annons/goteborg/806_saljes/97542039;60000
Ballad ;https://www.blocket.se/annons/skane/ballad/97541091;145000
Rj85 ;https://www.blocket.se/annons/sodermanland/rj85/97540523;27500
F18 Goodall C2 katamaran ;https://www.blocket.se/annons/stockholm/f18_goodall_c2_katamaran/97540430;115000
Hallberg Rassy 26 segelbåt ;https://www.blocket.se/annons/stockholm/hallberg_rassy_26_segelbat/95466120;65000
Jeanneau Espace 990 ;https://www.blocket.se/annons/stockholm/jeanneau_espace_990/97536902;377000
Wasa 360 ;https://www.blocket.se/annons/stockholm/wasa_360/97435435;270000
Monark 700 miniton -82 ;https://www.blocket.se/annons/goteborg/monark_700_miniton__82/97536149;20000
Beneteau First 40.7 ;https://www.blocket.se/annons/stockholm/beneteau_first_40_7/97526370;898000
Albin Alpha Fint Skick ;https://www.blocket.se/annons/stockholm/albin_alpha_fint_skick/96806662;198000
Bavaria 36 Cruiser 3 Kabiner TOPPSKICK ;https://www.blocket.se/annons/stockholm/bavaria_36_cruiser_3_kabiner_toppskick/97526206;695000
Nauticat 33 Komplett utrustad - Fint Skick ;https://www.blocket.se/annons/stockholm/nauticat_33_komplett_utrustad___fint_skick/97526165;498000
Bb11 ;https://www.blocket.se/annons/goteborg/bb11/97525489;12000
Aphrodite 40 för långsegling ;https://www.blocket.se/annons/uppsala/aphrodite_40_for_langsegling/97523817;-1
Maxi Fenix ;https://www.blocket.se/annons/goteborg/maxi_fenix/96875225;99000
Hallberg Rassy 24 Misil 2. Höstpris ;https://www.blocket.se/annons/stockholm/hallberg_rassy_24_misil_2__hostpris/97519694;10000
Maxi 68 ;https://www.blocket.se/annons/blekinge/maxi_68/96714829;27000
Albin cumulus ;https://www.blocket.se/annons/goteborg/albin_cumulus/97517816;95000
Jeanneau Sun Odyssey 37 från 2000 i gott skick ;https://www.blocket.se/annons/skane/jeanneau_sun_odyssey_37_fran_2000_i_gott_skick/97517887;755000
Bavaria Cruiser 37 - tre kabiner - 2017 ;https://www.blocket.se/annons/goteborg/bavaria_cruiser_37___tre_kabiner___2017/97516375;1495000
Hallberg-Rassy 29 ;https://www.blocket.se/annons/stockholm/hallberg_rassy_29/97092772;229000
Vi säljer din båt ;https://www.blocket.se/annons/stockholm/vi_saljer_din_bat/93760155;-1
Maxi 77 - inombordare och rullfock ;https://www.blocket.se/annons/stockholm/maxi_77___inombordare_och_rullfock/97509455;15000
Albin Ballad 751 1975 ;https://www.blocket.se/annons/skane/albin_ballad_751_1975/97509393;145000
CB 370 -92 Volvo Penta Diesel ;https://www.blocket.se/annons/goteborg/cb_370__92_volvo_penta_diesel/97506558;825000
Triss Norlin 20 foot ;https://www.blocket.se/annons/stockholm/triss_norlin_20_foot/97505426;10000
Seglingsbar H-Båt till höstpris ;https://www.blocket.se/annons/stockholm/seglingsbar_h_bat_till_hostpris/97504824;18000
Linjett 32 ;https://www.blocket.se/annons/uppsala/linjett_32/97504053;300000
MAXI 95 med rullstor & rullgenua ;https://www.blocket.se/annons/stockholm/maxi_95_med_rullstor___rullgenua/97002635;239000
Cardell28 ;https://www.blocket.se/annons/blekinge/cardell28/97502682;12000
Vindö 50 Ketch ;https://www.blocket.se/annons/vastmanland/vindo_50_ketch/96327468;300000
Andelsbåt i Grekland Bavaria 42 ;https://www.blocket.se/annons/jonkoping/andelsbat_i_grekland_bavaria_42/96523788;140000
Hallberg Rassy missil 1 ;https://www.blocket.se/annons/stockholm/hallberg_rassy_missil_1/97497597;30000
Laurin 28 ;https://www.blocket.se/annons/skane/laurin_28/96346092;95000
Comfort 32, nyrenoverad motor och nytt stor segel North 3DI ;https://www.blocket.se/annons/stockholm/comfort_32__nyrenoverad_motor_och_nytt_stor_segel_north_3di/97496293;-1
Manta 19 till Salu - ny elmotor + hissbar köl ;https://www.blocket.se/annons/goteborg/manta_19_till_salu___ny_elmotor___hissbar_kol/97495970;15000
Shipman 28 fr 1974 (höstpris) ;https://www.blocket.se/annons/stockholm/shipman_28_fr_1974__hostpris_/97496156;40000
Colin Archer CA40 ;https://www.blocket.se/annons/stockholm/colin_archer_ca40/97495583;1150000
Allegro 27 S356 ;https://www.blocket.se/annons/stockholm/allegro_27_s356/97494645;75000
IF-segelbåt från 1968 ;https://www.blocket.se/annons/uppsala/if_segelbat_fran_1968/97495143;10000
Mamba 31 ;https://www.blocket.se/annons/ostergotland/mamba_31/97494483;105000
Sunwind 26 ;https://www.blocket.se/annons/goteborg/sunwind_26/97493750;55000
Malö 36 ;https://www.blocket.se/annons/skane/malo_36/95422456;1495000
Compis 28 ;https://www.blocket.se/annons/halland/compis_28/97488795;65000
Aphrodite 30 ;https://www.blocket.se/annons/goteborg/aphrodite_30/97487974;65000
Båtkärra segelbåt ;https://www.blocket.se/annons/skaraborg/batkarra_segelbat/97487442;15000
Nauticat 33 ;https://www.blocket.se/annons/stockholm/nauticat_33/97484001;450000
Vindö 50S, renoverad ;https://www.blocket.se/annons/skane/vindo_50s__renoverad/96452570;420000
Omega 28 ;https://www.blocket.se/annons/stockholm/omega_28/96490715;70000
Linjett 34, Nr 17 ;https://www.blocket.se/annons/skane/linjett_34__nr_17/96394562;2650000
Väldigt fin Albin 79:a ;https://www.blocket.se/annons/goteborg/valdigt_fin_albin_79_a/97479344;70000
Albin Ballad-74 Nidri, Lefkas ;https://www.blocket.se/annons/goteborg/albin_ballad_74_nidri__lefkas/96870998;101000
Allegro 27 med vindroder ;https://www.blocket.se/annons/vasterbotten/allegro_27_med_vindroder/97477587;50000
Välskött och välutrustad Ballad ;https://www.blocket.se/annons/stockholm/valskott_och_valutrustad_ballad/97477652;150000
Beason 31 -79 ;https://www.blocket.se/annons/skaraborg/beason_31__79/97477179;119000
Gib Sea 31 ;https://www.blocket.se/annons/jonkoping/gib_sea_31/97476683;275000
Comfortina 39 ;https://www.blocket.se/annons/stockholm/comfortina_39/97476239;495000
Robust Familjesegelbåt ;https://www.blocket.se/annons/stockholm/robust_familjesegelbat/97475415;280000
Tillfälle yacht i Cabu Verde ;https://www.blocket.se/annons/stockholm/tillfalle_yacht_i_cabu_verde/97473600;850000
Ny Weta 4.4 Foam blå ;https://www.blocket.se/annons/halland/ny_weta_4_4_foam_bla/89481262;149000
Comfort 30 ;https://www.blocket.se/annons/skane/comfort_30/97473009;140000
Albin Accent 26 ;https://www.blocket.se/annons/ostergotland/albin_accent_26/96486790;65000
Runn 37 robust oceanseglare ;https://www.blocket.se/annons/orebro/runn_37_robust_oceanseglare/97471770;390000
Flamingo 40 ;https://www.blocket.se/annons/uppsala/flamingo_40/96906617;129000
Segelbåt Tur 80 ;https://www.blocket.se/annons/skane/segelbat_tur_80/97468148;20000
Bellona 29 ;https://www.blocket.se/annons/goteborg/bellona_29/96961138;120000
Dehler 38 SQ 2022 Champion Choice Kampanj ;https://www.blocket.se/annons/stockholm/dehler_38_sq_2022_champion_choice_kampanj/91011675;2480000
Dehler 34 2022 Champion Choice Kampanj ;https://www.blocket.se/annons/stockholm/dehler_34_2022_champion_choice_kampanj/96477532;1968000
Dehler 29 2022 Champion Choice Kampanj ;https://www.blocket.se/annons/stockholm/dehler_29_2022_champion_choice_kampanj/96477142;1199000
Dehler 42 2022 Champion Choice Kampanj ;https://www.blocket.se/annons/stockholm/dehler_42_2022_champion_choice_kampanj/96478146;3105000
Dehler 46 2022 Champion Choice Kampanj ;https://www.blocket.se/annons/stockholm/dehler_46_2022_champion_choice_kampanj/96478274;4356000
Dehler 30 One Design 2022 ;https://www.blocket.se/annons/stockholm/dehler_30_one_design_2022/96477341;1793000
Långfärdsseglare i stål Sigma110 ;https://www.blocket.se/annons/stockholm/langfardsseglare_i_stal_sigma110/96206606;265000
Maxi 77:a en riktig klassiker ;https://www.blocket.se/annons/stockholm/maxi_77_a_en_riktig_klassiker/97068971;20000
Mamba 31 ;https://www.blocket.se/annons/goteborg/mamba_31/97444373;150000
Fajak 12 ;https://www.blocket.se/annons/alvsborg/fajak_12/97461464;3000
Beneteau | First 45 | 2008 | ;https://www.blocket.se/annons/stockholm/beneteau___first_45___2008__/96952466;1795000
Snabb 31 fots Raven ;https://www.blocket.se/annons/stockholm/snabb_31_fots_raven/97460251;70000
Lagoon 400 S2 | 2017 | ;https://www.blocket.se/annons/stockholm/lagoon_400_s2___2017__/92278388;3795000
Jeanneau | Sun Odyssey 44 DS | 2013 | ;https://www.blocket.se/annons/stockholm/jeanneau___sun_odyssey_44_ds___2013__/97301687;2250000
Fin Bavaria 30 Cruiser -07 ;https://www.blocket.se/annons/stockholm/fin_bavaria_30_cruiser__07/97454592;395000
Demobåt Tiwal 2 det enkla sättet att segla ;https://www.blocket.se/annons/stockholm/demobat_tiwal_2_det_enkla_sattet_att_segla/96168577;44000
Cumulus ;https://www.blocket.se/annons/skane/cumulus/97452510;-1
Trimaran Hobie Mirage Adventure Island ;https://www.blocket.se/annons/sodermanland/trimaran_hobie_mirage_adventure_island/97450759;50000
Celeste 36 Coupé ;https://www.blocket.se/annons/goteborg/celeste_36_coup_/96853695;1800000
Sunwind 26 -79 ;https://www.blocket.se/annons/vastmanland/sunwind_26__79/97448780;26000
Nf ;https://www.blocket.se/annons/goteborg/nf/96756477;20000
Hurley 18 med Suzuki DT 4 (4 hkr), segelklar, Bullandö ;https://www.blocket.se/annons/stockholm/hurley_18_med_suzuki_dt_4__4_hkr___segelklar__bullando/96487361;3000
30 Fotare med ny 30HK Lombardini disel motor och drev 2017 ;https://www.blocket.se/annons/skane/30_fotare_med_ny_30hk_lombardini_disel_motor_och_drev_2017/97447184;99000
Conqubin 38 ;https://www.blocket.se/annons/stockholm/conqubin_38/97445699;200000
Segelbåt 40 fot, Scanmar 40 ;https://www.blocket.se/annons/ostergotland/segelbat_40_fot__scanmar_40/97441884;675000
Allegro 33 ;https://www.blocket.se/annons/goteborg/allegro_33/97114863;295000
Mf-boat (minifolka) ;https://www.blocket.se/annons/stockholm/mf_boat__minifolka_/97440490;175000
Mycket fin Jeanneau Sun Fast 37 ;https://www.blocket.se/annons/stockholm/mycket_fin_jeanneau_sun_fast_37/97437728;850000
Fin Shipman 28, 1973 ;https://www.blocket.se/annons/stockholm/fin_shipman_28__1973/97436923;40000
Maxi 68 ;https://www.blocket.se/annons/goteborg/maxi_68/97435524;10000
Parant segelbåt säljes ;https://www.blocket.se/annons/ostergotland/parant_segelbat_saljes/97433571;75000
Dufour 385 -05 Finland ;https://www.blocket.se/annons/stockholm/dufour_385__05_finland/97433384;861505
Italia Yachts 11.98 ;https://www.blocket.se/annons/stockholm/italia_yachts_11_98/97428727;2723389
Nordisk Familjebåt, NF 30 ;https://www.blocket.se/annons/goteborg/nordisk_familjebat__nf_30/97425748;40000
Maxi Magic ;https://www.blocket.se/annons/goteborg/maxi_magic/97424429;58000
Havskryssare mahogny, Sunna ;https://www.blocket.se/annons/stockholm/havskryssare_mahogny__sunna/88211202;120000
Scampi 30 Nr. 1047 En ägare. Mycket Välskött ;https://www.blocket.se/annons/sodermanland/scampi_30_nr__1047_en_agare__mycket_valskott/96432369;80000
Tur 84 ;https://www.blocket.se/annons/skane/tur_84/96674208;50000
Allegro 27 ;https://www.blocket.se/annons/halland/allegro_27/97418584;55000
Tunakryssare ligger i Ångermanälven ;https://www.blocket.se/annons/jamtland/tunakryssare_ligger_i_angermanalven/97416326;150000
Fullutrustad H323 ;https://www.blocket.se/annons/kalmar/fullutrustad_h323/96722998;135000
Trapez ;https://www.blocket.se/annons/orebro/trapez/97414909;12000
"Comfort 26 ""Höstpris"" ";https://www.blocket.se/annons/stockholm/comfort_26__hostpris_/96058130;29000
Regina af Vindö 43 DS - Fullutrustad ;https://www.blocket.se/annons/stockholm/regina_af_vindo_43_ds___fullutrustad/97409061;2950000
Becker 27 ;https://www.blocket.se/annons/skane/becker_27/96430005;40000
"Ketch ""Condor"" Knud H Reimers ";https://www.blocket.se/annons/goteborg/ketch__condor__knud_h_reimers/96822348;1475000
UTHYRES - Segelbåt uthyres ;https://www.blocket.se/annons/stockholm/uthyres___segelbat_uthyres/89739676;-1
Lohi 34 - 1977 ;https://www.blocket.se/annons/goteborg/lohi_34___1977/97402782;215000
Compis 28 ;https://www.blocket.se/annons/jonkoping/compis_28/97401260;50000
Albin Viggen ;https://www.blocket.se/annons/skane/albin_viggen/97400081;7000
Hallberg Rassy 312 ;https://www.blocket.se/annons/kalmar/hallberg_rassy_312/96049385;435000
Maxi 77 ;https://www.blocket.se/annons/goteborg/maxi_77/97392536;20000
Mani 32 ;https://www.blocket.se/annons/vastmanland/mani_32/96645727;270000
Maxi 84 1978 ;https://www.blocket.se/annons/varmland/maxi_84_1978/97389974;69000
Fin Mahogny ketch. ;https://www.blocket.se/annons/uppsala/fin_mahogny_ketch_/97389092;55000
Långfärdsutrustad havsseglare ;https://www.blocket.se/annons/skane/langfardsutrustad_havsseglare/97387225;265000
Hallberg Rassy 352 Scandinavia HR352 ;https://www.blocket.se/annons/stockholm/hallberg_rassy_352_scandinavia_hr352/95428112;625000
Motorseglare bobåt yacht ;https://www.blocket.se/annons/stockholm/motorseglare_bobat_yacht/95230483;2485000
Mälar 30 nr 121 ;https://www.blocket.se/annons/vastmanland/malar_30_nr_121/97384701;125000
Jeanneau 42.1 ;https://www.blocket.se/annons/stockholm/jeanneau_42_1/97384166;600000
Superfin Maxi 95 med bytt motor ;https://www.blocket.se/annons/stockholm/superfin_maxi_95_med_bytt_motor/97384004;250000
Jette fin segelbåt behöver liten kärleck ;https://www.blocket.se/annons/kalmar/jette_fin_segelbat_behover_liten_karleck/97381988;10000
Comfort 30 med nyare motor ;https://www.blocket.se/annons/halland/comfort_30_med_nyare_motor/97381790;75000
Segelbåt Beason 24 ;https://www.blocket.se/annons/goteborg/segelbat_beason_24/97379398;18000
Albin Express ;https://www.blocket.se/annons/uppsala/albin_express/97379202;50000
Maxi 68 ;https://www.blocket.se/annons/goteborg/maxi_68/97377699;9000
Jeanneau 42 DS - 2011 ;https://www.blocket.se/annons/skane/jeanneau_42_ds___2011/97375755;1695000
Monark Varianty 20 fot ;https://www.blocket.se/annons/halland/monark_varianty_20_fot/96817611;-1
Enter 360 Explicit ;https://www.blocket.se/annons/sodermanland/enter_360_explicit/97374998;495000
Rhapsody 34 ;https://www.blocket.se/annons/halland/rhapsody_34/97373694;130000
Maxi 95 motor bytt ;https://www.blocket.se/annons/stockholm/maxi_95_motor_bytt/97372028;169000
Andel i Maxi 95 - ny motor 2020 ;https://www.blocket.se/annons/stockholm/andel_i_maxi_95___ny_motor_2020/97282469;65000
Lady Helmsman ;https://www.blocket.se/annons/vastmanland/lady_helmsman/97368200;320000
Albin Viggen nr 550 ;https://www.blocket.se/annons/stockholm/albin_viggen_nr_550/97365487;10000
Ohlson 22 många segel. bra motor ;https://www.blocket.se/annons/sodermanland/ohlson_22_manga_segel__bra_motor/97363829;13000
Comfortina 32 1984 ;https://www.blocket.se/annons/gavleborg/comfortina_32_1984/97364220;275000
Segelkombi Crescent 455 C ;https://www.blocket.se/annons/alvsborg/segelkombi_crescent_455_c/97361351;13000
Skysail 28 renoverad och nytt storsegel ;https://www.blocket.se/annons/vastmanland/skysail_28_renoverad_och_nytt_storsegel/95333633;50000
Compis 28 ;https://www.blocket.se/annons/uppsala/compis_28/97360906;50000
Maxi 999 - 89 ;https://www.blocket.se/annons/goteborg/maxi_999___89/97161466;365000
Oe 32 -1982 ;https://www.blocket.se/annons/goteborg/oe_32__1982/97355349;375000
Fabola Pokus segelbåt, vit, med fällköl ;https://www.blocket.se/annons/stockholm/fabola_pokus_segelbat__vit__med_fallkol/97354111;5900
Comfortina 32 - vår pärla till salu ;https://www.blocket.se/annons/stockholm/comfortina_32___var_parla_till_salu/96373302;289000
Maxi 77, nr2102 ;https://www.blocket.se/annons/goteborg/maxi_77__nr2102/97353163;21000
Maxi 77 inkl båtplats ;https://www.blocket.se/annons/sodermanland/maxi_77_inkl_batplats/96503442;24500
Hallberg Rassy Mistral 33 ;https://www.blocket.se/annons/blekinge/hallberg_rassy_mistral_33/97350321;100000
606:a #200 ;https://www.blocket.se/annons/alvsborg/606_a__200/96366379;25000
Jeanneau Sun Odyssey 469 ;https://www.blocket.se/annons/alvsborg/jeanneau_sun_odyssey_469/96201902;1675000
Nyrenoverad Johnsson 26 ;https://www.blocket.se/annons/stockholm/nyrenoverad_johnsson_26/97348330;35000
Albin Cumulus ;https://www.blocket.se/annons/goteborg/albin_cumulus/97346528;75000
Tur 80 från -72 stabil och enkel segelbåt ;https://www.blocket.se/annons/jonkoping/tur_80_fran__72_stabil_och_enkel_segelbat/96023776;12500
Shark 24.Fynd ;https://www.blocket.se/annons/skane/shark_24_fynd/97345323;8000
Sweden Yachts 50 / 1989 ;https://www.blocket.se/annons/goteborg/sweden_yachts_50___1989/97344716;2695000
Karlskrona Viggen ;https://www.blocket.se/annons/ostergotland/karlskrona_viggen/96345686;11000
Gibsea 352 ;https://www.blocket.se/annons/orebro/gibsea_352/97338536;340000
Albin 78 Cirrus ;https://www.blocket.se/annons/vasternorrland/albin_78_cirrus/97337969;43000
Colin Archer 30 ;https://www.blocket.se/annons/goteborg/colin_archer_30/97338116;320000
Stor Fidra ;https://www.blocket.se/annons/skaraborg/stor_fidra/97337363;8000
Compis 28 no 122 ;https://www.blocket.se/annons/ostergotland/compis_28_no_122/97336355;38000
L-26 Koster ;https://www.blocket.se/annons/ostergotland/l_26_koster/97333881;22000
F18 Shockwave katamaran ;https://www.blocket.se/annons/stockholm/f18_shockwave_katamaran/96692617;39000
Vega med vagn och vagga. ;https://www.blocket.se/annons/alvsborg/vega_med_vagn_och_vagga_/97333915;9999
Albin 78 Cirrus nr 83 ;https://www.blocket.se/annons/stockholm/albin_78_cirrus_nr_83/95836807;38000
Havsfidra, 284 ;https://www.blocket.se/annons/norrbotten/havsfidra__284/97331197;10000
Askeladden segelbåt ;https://www.blocket.se/annons/norrbotten/askeladden_segelbat/97330339;15000
Comfortina 38 ;https://www.blocket.se/annons/goteborg/comfortina_38/97328633;895000
Maxi 68 med MD5/drev110S ;https://www.blocket.se/annons/goteborg/maxi_68_med_md5_drev110s/97327835;28000
Happy-cat evolution ;https://www.blocket.se/annons/stockholm/happy_cat_evolution/97327372;71000
Fina segel till en HR 342 ;https://www.blocket.se/annons/stockholm/fina_segel_till_en_hr_342/97326933;4500
A-cat Tool katamaran ;https://www.blocket.se/annons/stockholm/a_cat_tool_katamaran/97326317;40000
Lm 28 ;https://www.blocket.se/annons/varmland/lm_28/97324073;380000
Tidigare fin kappseglare, nu ett renoveringsobjekt ;https://www.blocket.se/annons/sodermanland/tidigare_fin_kappseglare__nu_ett_renoveringsobjekt/97323717;1
Bavaria 39 Cruiser 2005 ;https://www.blocket.se/annons/ostergotland/bavaria_39_cruiser_2005/97323809;900000
Wasa 410 Special 3-kabin ;https://www.blocket.se/annons/goteborg/wasa_410_special_3_kabin/97317850;995000
Wasa 410 Special 3-kabin ;https://www.blocket.se/annons/goteborg/wasa_410_special_3_kabin/95957087;995000
Sunwind 33 familjeracer ;https://www.blocket.se/annons/varmland/sunwind_33_familjeracer/97315754;195000
Blekingseka 15 fot med kärra ;https://www.blocket.se/annons/blekinge/blekingseka_15_fot_med_karra/97315189;4500
Dart 15 sting ;https://www.blocket.se/annons/stockholm/dart_15_sting/97310645;20000
707 Snabbseglare ;https://www.blocket.se/annons/goteborg/707_snabbseglare/97310300;27500
Comfort 26 ;https://www.blocket.se/annons/varmland/comfort_26/97310070;30000
Nacra 450 ;https://www.blocket.se/annons/stockholm/nacra_450/96990310;40000
Skärgårdskryssare A22 (SK 22) nr 376, 2008 ;https://www.blocket.se/annons/stockholm/skargardskryssare_a22__sk_22__nr_376__2008/95280126;375000
Hallberg Rassy 24 (Misil 2) ;https://www.blocket.se/annons/uppsala/hallberg_rassy_24__misil_2_/97308322;29900
Superfin Granada 31:a ;https://www.blocket.se/annons/stockholm/superfin_granada_31_a/97308295;155000
Albin viggen 23 fot 17500kr ;https://www.blocket.se/annons/uppsala/albin_viggen_23_fot_17500kr/97307064;17500
Hallberg-Rassy 312 Scandinavia ;https://www.blocket.se/annons/goteborg/hallberg_rassy_312_scandinavia/97306847;395000
Sveakryssare 3325 Matilda ;https://www.blocket.se/annons/vastmanland/sveakryssare_3325_matilda/97306855;200000
Albin Viggen ;https://www.blocket.se/annons/varmland/albin_viggen/96292760;17000
Bellona 23 ;https://www.blocket.se/annons/stockholm/bellona_23/97305744;14400
Jollar topper & Bug ;https://www.blocket.se/annons/stockholm/jollar_topper___bug/96942594;5000
Campus 550 ;https://www.blocket.se/annons/stockholm/campus_550/97304591;5000
Gambler 38 ;https://www.blocket.se/annons/goteborg/gambler_38/97302735;725000
Bavaria Cruiser 41 - 2018 ;https://www.blocket.se/annons/goteborg/bavaria_cruiser_41___2018/97301258;1750000
Jeanneau Sun Odyssey 389 - 216 ;https://www.blocket.se/annons/goteborg/jeanneau_sun_odyssey_389___216/97301118;1330000
Scampi 30 ;https://www.blocket.se/annons/halland/scampi_30/96642113;80000
A22 ;https://www.blocket.se/annons/stockholm/a22/96133299;78000
Bavaria Cruiser 37 -2021 ;https://www.blocket.se/annons/goteborg/bavaria_cruiser_37__2021/97297066;1775000
IOR 2 ton ;https://www.blocket.se/annons/skane/ior_2_ton/97295571;200000
Hobie Catsy helt ny halva priset ;https://www.blocket.se/annons/halland/hobie_catsy_helt_ny_halva_priset/97292236;23000
MAXI 87 nr131 - 1977 ;https://www.blocket.se/annons/stockholm/maxi_87_nr131___1977/97291155;125000
Skärgårdskryssare SK55 La Liberté ;https://www.blocket.se/annons/stockholm/skargardskryssare_sk55_la_libert_/82004390;-1
Omega 42 ;https://www.blocket.se/annons/goteborg/omega_42/97284040;650000
Fantastiskt välseglande Scanmar 33 ;https://www.blocket.se/annons/goteborg/fantastiskt_valseglande_scanmar_33/97283350;300000
Diva 38 ;https://www.blocket.se/annons/skane/diva_38/97281264;1050000
J 88 ;https://www.blocket.se/annons/stockholm/j_88/97280403;850000
RJ 91 med fäll köl ;https://www.blocket.se/annons/stockholm/rj_91_med_fall_kol/97129083;110000
Maxi 909 FC ;https://www.blocket.se/annons/alvsborg/maxi_909_fc/96698348;278000
MacGregor 26 ;https://www.blocket.se/annons/stockholm/macgregor_26/96277504;237500
Segelbåt Compis 28 ;https://www.blocket.se/annons/vastmanland/segelbat_compis_28/97276931;29000
Topaz 14 ;https://www.blocket.se/annons/uppsala/topaz_14/97276492;39000
Granada 311 -83 Snabbseglad familjebåt ;https://www.blocket.se/annons/stockholm/granada_311__83_snabbseglad_familjebat/97275033;195000
Segelklar Safir ;https://www.blocket.se/annons/stockholm/segelklar_safir/97274359;35000
Omega30S i fint skick (Omega 30S, Omega30, Omega 30) ;https://www.blocket.se/annons/skane/omega30s_i_fint_skick__omega_30s__omega30__omega_30_/97274178;250000
Välisolerad seglare ;https://www.blocket.se/annons/stockholm/valisolerad_seglare/97273958;850000
Kallbakad One off Knierim /Nissen ;https://www.blocket.se/annons/stockholm/kallbakad_one_off_knierim__nissen/97273214;150000
Albin 79 - Trevlig segelbåt på Västkusten ;https://www.blocket.se/annons/goteborg/albin_79___trevlig_segelbat_pa_vastkusten/96870104;34000
Maxi 909FC ;https://www.blocket.se/annons/goteborg/maxi_909fc/97270547;290000
Linjett 32 ;https://www.blocket.se/annons/stockholm/linjett_32/97265504;240000
Lm27 -78 ;https://www.blocket.se/annons/halland/lm27__78/97264978;145000
Nordisk folkbåt nr 383 ;https://www.blocket.se/annons/stockholm/nordisk_folkbat_nr_383/97264038;6000
Kosterbåt K25 Styrbjörn ;https://www.blocket.se/annons/blekinge/kosterbat_k25_styrbjorn/96865046;40000
Magnifik Midget med 6 segel ;https://www.blocket.se/annons/goteborg/magnifik_midget_med_6_segel/97259946;6000
Kustkryssare Mahogny ;https://www.blocket.se/annons/stockholm/kustkryssare_mahogny/96879325;105000
Diva 35 ;https://www.blocket.se/annons/alvsborg/diva_35/97253657;420000
Uttern 810 ;https://www.blocket.se/annons/goteborg/uttern_810/97251826;149000
Höstpris - Fin Maxi 68 + Boogievagn + båtplats ;https://www.blocket.se/annons/goteborg/hostpris___fin_maxi_68___boogievagn___batplats/96944831;35000
Forgus 31 ;https://www.blocket.se/annons/goteborg/forgus_31/97244841;130000
Cumulus ;https://www.blocket.se/annons/stockholm/cumulus/97241953;130000
Dragonfly 28 Sport, 2010 ;https://www.blocket.se/annons/stockholm/dragonfly_28_sport__2010/97241687;1350000
Westerly cirrus Segelbåt inkl båt trailer mm. ;https://www.blocket.se/annons/kalmar/westerly_cirrus_segelbat_inkl_bat_trailer_mm_/97237140;3900
Winga 87 säljes ;https://www.blocket.se/annons/stockholm/winga_87_saljes/97235548;245000
Båt Säljes ;https://www.blocket.se/annons/skane/bat_saljes/97221647;50000
Marieholm MS 20 ;https://www.blocket.se/annons/goteborg/marieholm_ms_20/97231714;15000
Segelklar Amigo 33:a ;https://www.blocket.se/annons/stockholm/segelklar_amigo_33_a/96272941;150000
P-28 Segelbåt ;https://www.blocket.se/annons/goteborg/p_28_segelbat/96494354;25000
Hallberg-Rassy 62 - visas på öppet varv ;https://www.blocket.se/annons/goteborg/hallberg_rassy_62___visas_pa_oppet_varv/97229517;7500000
Maxi 999 ;https://www.blocket.se/annons/stockholm/maxi_999/97229348;365000
Gefion 73 / 1998 ;https://www.blocket.se/annons/goteborg/gefion_73___1998/97229304;4990000
Segelbåt , Elvström 1/ 2 ton - en av endast 8 byggda ;https://www.blocket.se/annons/goteborg/segelbat___elvstrom_1__2_ton___en_av_endast_8_byggda/95989872;60000
Hallberg Rassy HR 312 ;https://www.blocket.se/annons/goteborg/hallberg_rassy_hr_312/97228601;425000
Maxi 909 ;https://www.blocket.se/annons/stockholm/maxi_909/97228451;285000
Beneteau First 31.7 ;https://www.blocket.se/annons/goteborg/beneteau_first_31_7/97227987;550000
Albin Nova 33 ;https://www.blocket.se/annons/skane/albin_nova_33/97225921;350000
Beneteau Oceanis 50 ;https://www.blocket.se/annons/skane/beneteau_oceanis_50/95755389;2295000
Tricat 25 Trimaran ;https://www.blocket.se/annons/stockholm/tricat_25_trimaran/97224900;635000
Albin 79 ;https://www.blocket.se/annons/stockholm/albin_79/97220080;50000
Melges 32 MOD - Total refit 2021 ;https://www.blocket.se/annons/stockholm/melges_32_mod___total_refit_2021/97220337;495000
Hurley 18 ;https://www.blocket.se/annons/goteborg/hurley_18/96040443;15000
Lancing 42 -85 ;https://www.blocket.se/annons/stockholm/lancing_42__85/97217037;510382
Albin 79 ;https://www.blocket.se/annons/vastmanland/albin_79/96564583;22000
Scampi 30 ;https://www.blocket.se/annons/stockholm/scampi_30/97210391;60000
Comfortina 32 1986 ;https://www.blocket.se/annons/stockholm/comfortina_32_1986/96228120;210000
Amigo 23 ;https://www.blocket.se/annons/goteborg/amigo_23/97209249;19900
Koster K6 ;https://www.blocket.se/annons/goteborg/koster_k6/97205953;25000
Segelbåt Beason 24fot ;https://www.blocket.se/annons/dalarna/segelbat_beason_24fot/97204890;25000
Hallberg Rassy 35 Rasmus ;https://www.blocket.se/annons/stockholm/hallberg_rassy_35_rasmus/96926572;355000
POP 16 - Nybörjarbåt, segelklar ;https://www.blocket.se/annons/stockholm/pop_16___nyborjarbat__segelklar/97204164;7000
Hallberg Rassy 94 Kutter #187 - ÖPPET VARV 27-30 augusit ;https://www.blocket.se/annons/goteborg/hallberg_rassy_94_kutter__187___oppet_varv_27_30_augusit/97202416;575000
Norlin 37 MK 2 ;https://www.blocket.se/annons/skane/norlin_37_mk_2/97201603;-1
Jeanneau Sun Odyssey 36i ;https://www.blocket.se/annons/skane/jeanneau_sun_odyssey_36i/97198469;890000
Bavaria 32 från 2003 ;https://www.blocket.se/annons/skane/bavaria_32_fran_2003/97197307;490000
Hallberg-Rassy 45 / 1991 ;https://www.blocket.se/annons/goteborg/hallberg_rassy_45___1991/96257887;2350000
Shipman 28 ;https://www.blocket.se/annons/stockholm/shipman_28/97196160;35000
Laurinkryssare H7 S-19 ;https://www.blocket.se/annons/sodermanland/laurinkryssare_h7_s_19/97195932;195000
Rhapsody 34 ;https://www.blocket.se/annons/goteborg/rhapsody_34/97195731;140000
Maxi 95, -74 ;https://www.blocket.se/annons/goteborg/maxi_95___74/97193759;190000
Trålett Motorseglare ;https://www.blocket.se/annons/blekinge/tralett_motorseglare/97190484;150000
Förlängd If ;https://www.blocket.se/annons/goteborg/forlangd_if/97192923;30000
Maxi 77 - Höstpris ;https://www.blocket.se/annons/stockholm/maxi_77___hostpris/97186439;40000
Sveakryssare - 3360 Alida ;https://www.blocket.se/annons/stockholm/sveakryssare___3360_alida/96143963;90000
RS200 Segelbåt / Jolle ;https://www.blocket.se/annons/skane/rs200_segelbat___jolle/97180988;45000
"Albin Ballad ""Joker"" 30 ";https://www.blocket.se/annons/goteborg/albin_ballad__joker__30/97179955;70000
Albin Ballad Objekt ;https://www.blocket.se/annons/vasternorrland/albin_ballad_objekt/97178889;22000
Trio 80 ;https://www.blocket.se/annons/goteborg/trio_80/97176139;59000
IF bat 1980 ;https://www.blocket.se/annons/stockholm/if_bat_1980/97175462;36000
Maxi 909 OC ;https://www.blocket.se/annons/stockholm/maxi_909_oc/97175111;270000
Hanse 531 år 2006 ;https://www.blocket.se/annons/stockholm/hanse_531_ar_2006/97174913;2200000
Karlskrona viggen nr13 ;https://www.blocket.se/annons/goteborg/karlskrona_viggen_nr13/97170485;17500
COMFORT 30 Special, välbyggd seglare i klassisk stil ;https://www.blocket.se/annons/norrbotten/comfort_30_special__valbyggd_seglare_i_klassisk_stil/97169934;195000
Crescent 455 Combi ;https://www.blocket.se/annons/sodermanland/crescent_455_combi/97168902;6000
IF Marieholm ,varvsbyggd 1972, Inombordsmotor,MD6A ;https://www.blocket.se/annons/stockholm/if_marieholm__varvsbyggd_1972__inombordsmotor_md6a/97168254;9000
Maxi 68 i kanonskick ;https://www.blocket.se/annons/stockholm/maxi_68_i_kanonskick/97166275;31000
Väldigt fin IF-båt ;https://www.blocket.se/annons/goteborg/valdigt_fin_if_bat/97166053;35000
H-båt / hbåt Dalarö uthyres ;https://www.blocket.se/annons/stockholm/h_bat___hbat_dalaro_uthyres/95533577;1000
Malö 40 Classic MKII ;https://www.blocket.se/annons/skane/malo_40_classic_mkii/95604394;3750000
Furioso 25 ;https://www.blocket.se/annons/ostergotland/furioso_25/97160160;6500
Albin viggen ;https://www.blocket.se/annons/gavleborg/albin_viggen/97159935;10000
Maxi Magic ;https://www.blocket.se/annons/vasternorrland/maxi_magic/97158526;70000
Mustang Junior ;https://www.blocket.se/annons/stockholm/mustang_junior/97158485;28000
"En underbar Storebro ""örnen"" 29fots segelbåt ";https://www.blocket.se/annons/stockholm/en_underbar_storebro__ornen__29fots_segelbat/96649540;49000
Möre 30 (Liknar Ballad & ÅH30) ;https://www.blocket.se/annons/halland/more_30__liknar_ballad___ah30_/97156231;128000
Vindö 32 Segelklar ;https://www.blocket.se/annons/stockholm/vindo_32_segelklar/95954977;90000
Drabant 30 ;https://www.blocket.se/annons/goteborg/drabant_30/97155004;208000
Facil 35 ;https://www.blocket.se/annons/skane/facil_35/97154768;360000
Ohlson 22 ;https://www.blocket.se/annons/stockholm/ohlson_22/96936138;9000
Sista chansen till höstpris - Sunwind 26 ;https://www.blocket.se/annons/goteborg/sista_chansen_till_hostpris___sunwind_26/96757608;49000
Sveriges finaste Sveakryssare ;https://www.blocket.se/annons/vastmanland/sveriges_finaste_sveakryssare/96353535;149900
Hallberg-Rassy 24 Misil 2 ;https://www.blocket.se/annons/uppsala/hallberg_rassy_24_misil_2/97150135;22000
Segelskuta ;https://www.blocket.se/annons/kalmar/segelskuta/97148413;225000
Hallberg-Rassy 57 2020 ;https://www.blocket.se/annons/goteborg/hallberg_rassy_57_2020/97146273;21500000
Albin Viggen ;https://www.blocket.se/annons/stockholm/albin_viggen/97144780;26000
Stortumlare -02 ;https://www.blocket.se/annons/stockholm/stortumlare__02/97143589;855103
Fabola Campus 600 ;https://www.blocket.se/annons/orebro/fabola_campus_600/97143223;48000
Trio 80 ;https://www.blocket.se/annons/goteborg/trio_80/97142633;69000
Winga 25 ;https://www.blocket.se/annons/goteborg/winga_25/97141279;69000
Bavaria Cruiser 2007 ;https://www.blocket.se/annons/vastmanland/bavaria_cruiser_2007/97139793;445000
Diva 39 Silfverfågel No.1 ;https://www.blocket.se/annons/stockholm/diva_39_silfverfagel_no_1/97139085;400000
Grand Soleil 47 ;https://www.blocket.se/annons/skane/grand_soleil_47/97137418;3800000
Yasmin 25 finsk kvalitetskryssare ;https://www.blocket.se/annons/sodermanland/yasmin_25_finsk_kvalitetskryssare/94670644;20000
Tur80 i bra skick ;https://www.blocket.se/annons/sodermanland/tur80_i_bra_skick/94669830;25000
Åh 30 med nytt storsegel. Höstpris ;https://www.blocket.se/annons/blekinge/ah_30_med_nytt_storsegel__hostpris/96674134;80000
Helmsman 23 med rullfock ;https://www.blocket.se/annons/goteborg/helmsman_23_med_rullfock/97135870;21000
Jeanneau Sun Odyssey 349 - ÖPPET VARV 27-30 augusti ;https://www.blocket.se/annons/goteborg/jeanneau_sun_odyssey_349___oppet_varv_27_30_augusti/97133445;1385000
Fantasi 44 Pilothouse - ÖPPET VARV 27-30 augusti ;https://www.blocket.se/annons/goteborg/fantasi_44_pilothouse___oppet_varv_27_30_augusti/94936628;3245000
Arcona 32, 1986 ;https://www.blocket.se/annons/skane/arcona_32__1986/97132874;340000
Maxi Fenix dinette ;https://www.blocket.se/annons/jonkoping/maxi_fenix_dinette/96190338;110000
Compis 97 ;https://www.blocket.se/annons/norrbotten/compis_97/97129074;185000
Projekt - Gratis ;https://www.blocket.se/annons/jonkoping/projekt___gratis/97128369;159
Bavaria 37 3-kabin 92 ;https://www.blocket.se/annons/stockholm/bavaria_37_3_kabin_92/97127127;450000
Nauticat 331, 2015 ;https://www.blocket.se/annons/goteborg/nauticat_331__2015/94155229;3250000
Segelbåt Monark 700 Miniton ;https://www.blocket.se/annons/vastmanland/segelbat_monark_700_miniton/96957874;10000
Scandinavian Eagel 64 1990 ;https://www.blocket.se/annons/goteborg/scandinavian_eagel_64_1990/93452544;2500000
Katamaran Phaeton 35 ;https://www.blocket.se/annons/kalmar/katamaran_phaeton_35/97118869;250000
Ohlson 22 + Hedea 4hk samt 3st segel medföljer ;https://www.blocket.se/annons/orebro/ohlson_22___hedea_4hk_samt_3st_segel_medfoljer/97118170;11000
Scampi 30 Saranna 888 ;https://www.blocket.se/annons/vastmanland/scampi_30_saranna_888/97117590;90000
Beneteau Oceanis 50 ;https://www.blocket.se/annons/skane/beneteau_oceanis_50/97113466;2475000
Baltic 64 ;https://www.blocket.se/annons/skane/baltic_64/97113330;4300000
Fin IF Smilla säljers ;https://www.blocket.se/annons/sodermanland/fin_if_smilla_saljers/97109788;20000
Albin Accent 26 (Sjösatt) ;https://www.blocket.se/annons/stockholm/albin_accent_26__sjosatt_/97107550;40000
Albin Cumulus 1979 ;https://www.blocket.se/annons/ostergotland/albin_cumulus_1979/97108546;125000
Najad 332 ;https://www.blocket.se/annons/skane/najad_332/97103400;1275000
X-Yachts X-35 -2006 ;https://www.blocket.se/annons/goteborg/x_yachts_x_35__2006/97103108;975000
Båtvagga/ställning för båtar upp till 8 ton ;https://www.blocket.se/annons/ostergotland/batvagga_stallning_for_batar_upp_till_8_ton/95863163;6000
Renoverad Oslojolle ;https://www.blocket.se/annons/stockholm/renoverad_oslojolle/97093152;12500
IF-båt, Fock 2020 Elvstrøm Sails ;https://www.blocket.se/annons/goteborg/if_bat__fock_2020_elvstr_m_sails/97092810;30000
2-krona ;https://www.blocket.se/annons/goteborg/2_krona/97090876;50000
Finnjolle ;https://www.blocket.se/annons/skane/finnjolle/96168438;145000
Fin NF Special, uppdaterad annons, höstpris ;https://www.blocket.se/annons/sodermanland/fin_nf_special__uppdaterad_annons__hostpris/96465665;150000
Drake SWE 281 Börresen 85 ;https://www.blocket.se/annons/kalmar/drake_swe_281_borresen_85/97088304;95000
Maxi 77 nära Marstrand ;https://www.blocket.se/annons/goteborg/maxi_77_nara_marstrand/95858047;30000
Mälar 30 - 41 : Superfin pärla till ett kanonpris ;https://www.blocket.se/annons/stockholm/malar_30___41___superfin_parla_till_ett_kanonpris/93071385;99950
Dehler 34 ;https://www.blocket.se/annons/gotland/dehler_34/97085791;395000
Segla i Kroatien ;https://www.blocket.se/annons/dalarna/segla_i_kroatien/93248295;22000
Facil 35 - 1981. Nyare motor och segel ;https://www.blocket.se/annons/stockholm/facil_35___1981__nyare_motor_och_segel/97084104;369000
Sunvind 20 Mk2 ;https://www.blocket.se/annons/skane/sunvind_20_mk2/96277919;18000
Segelbåt ;https://www.blocket.se/annons/gotland/segelbat/97080977;100000
Dehler 34 Optima 101 tillverkad 1985 ;https://www.blocket.se/annons/stockholm/dehler_34_optima_101_tillverkad_1985/97081747;370000
Amigo 23 med bra båtvagn ;https://www.blocket.se/annons/norrbotten/amigo_23_med_bra_batvagn/96667148;8700
Södergren 55:an CARINA fantastisk seglare - Höstpris ;https://www.blocket.se/annons/ostergotland/sodergren_55_an_carina_fantastisk_seglare___hostpris/95228203;690000
Grand Soleil 34.1 ;https://www.blocket.se/annons/stockholm/grand_soleil_34_1/97078320;720000
Maxi 77 ;https://www.blocket.se/annons/goteborg/maxi_77/97076700;7500
Nf 210- 1978 ;https://www.blocket.se/annons/gavleborg/nf_210__1978/97074006;65000
Genomgången Albin Vega ;https://www.blocket.se/annons/stockholm/genomgangen_albin_vega/97072750;50000
Ålandrace på vår X-35 ;https://www.blocket.se/annons/stockholm/alandrace_pa_var_x_35/97071395;2750
Maxi Racer SWE101 ;https://www.blocket.se/annons/stockholm/maxi_racer_swe101/95762217;40000
